"","lang","avg_len","lstm","longitude","latitude"
"1","Aalsmeer NH",4.83143507972665,2.70687533291903,4.76163,52.2693
"4","Aalten Gl",4.75750577367206,3.01391842490748,6.58895,51.9304
"5","Aardenburg Ze",4.5045045045045,2.98349106102659,3.44846,51.2713
"6","Aarlanderveen ZH",4.95280898876404,2.71153259277344,4.73856,52.1442
"8","Abbekerk NH",4.75570776255708,3.06886853669819,5.02198,52.7331
"9","Achterberg Ut",4.75114155251142,2.88080814906529,5.59793,51.9738
"10","Aduard Gn",4.36426914153132,3.21922677023369,6.45429,53.2595
"11","Afferden Lb",4.57798165137615,3.06389283297355,6.02274,51.6453
"12","Akkrum Fr",4.8131067961165,3.07157748353248,5.83013,53.0494
"13","Almen Gl",4.48636363636364,3.04515935724432,6.30634,52.1642
"14","Almkerk NB",4.64269141531322,2.82064282452619,4.95793,51.7731
"15","Alphen NB",4.64285714285714,2.91544703433388,4.96716,51.4827
"17","Ameide ZH",4.78781038374718,2.94543729509626,4.96623,51.9604
"18","Amersfoort Ut",5.1554054054054,2.84455148797286,5.38901,52.1488
"19","Angerlo Gl",4.90092165898618,2.95691108703613,6.14128,51.994
"20","Anjum Fr - Eanjum Fr",4.89537712895377,3.04285769992405,6.12739,53.3781
"21","Anloo Dr",4.48306997742664,3.04622047825863,6.7054,53.0417
"23","Apeldoorn Gl",4.54337899543379,3.16701289585658,5.98826,52.2167
"24","Appelscha Fr - Appelskea Fr",4.7219512195122,3.00951879164752,6.35841,52.9472
"25","Appingedam Gn",4.47945205479452,3.14931651524135,6.86438,53.3224
"27","Arnemuiden Ze",4.81941309255079,3.00847424958882,3.6635,51.4997
"28","Arum Fr",4.6175,3.14354764498197,5.4735,53.1296
"31","Austerlitz Ut",5.29638009049774,2.68370323850397,5.31313,52.0808
"33","Axel Ze",4.58675799086758,3.06502314976283,3.90727,51.2684
"35","Baarle-Nassau NB",4.59545454545455,3.0480812474301,4.9385,51.4527
"36","Bakel NB",4.69483568075117,3.12864085606166,5.74262,51.5094
"37","Bakkeveen Fr - Bakkefean Fr",4.72081218274112,3.23846236519192,6.26977,53.079
"39","Balkbrug Ov",4.62929061784897,3.05970486727628,6.38982,52.6076
"40","Barger-Oosterveld Dr",4.78538812785388,2.97468893868583,6.9615,52.7743
"41","Barneveld Gl",4.82598607888631,3.01625310724432,5.58963,52.147
"42","Bathmen Ov",4.32175925925926,2.95973883734809,6.28896,52.2572
"43","Beek NB",4.56433408577878,2.94280577542489,5.63741,51.5421
"44","Beetgumermolen Fr - Bitgummole Fr",4.74939172749392,3.05553260216346,5.70584,53.2345
"46","Bellingwolde Gn",4.50694444444444,3.19840698242187,7.16819,53.1173
"47","Benschop Ut",4.79017857142857,3.12846561900356,4.98743,52.015
"48","Bergen op Zoom NB",4.82379862700229,2.78366677802906,4.30045,51.4934
"49","Bergentheim Ov",4.38565022421525,2.96181542532785,6.61659,52.5335
"51","Berkel-Oud ZH",5.03738317757009,2.77381813742898,4.46415,51.989
"56","Bleskensgraaf ZH",5.18119266055046,2.83008030482701,4.77275,51.868
"57","Blokzijl Ov",4.3677130044843,2.91892405918666,5.96397,52.7304
"58","Boekel NB",4.63097949886105,3.0265440259661,5.68236,51.613
"60","Bolsward Fr - Boalsert Fr",4.82394366197183,2.85871322066696,5.52459,53.0685
"63","Borculo Gl",4.53968253968254,3.12977412709019,6.52827,52.1218
"65","Borkel NB",4.55955056179775,2.93496730871368,5.43273,51.303
"66","Borne Ov",4.18483412322275,3.30167316940596,6.76446,52.3093
"69","Boven-Hardinxveld ZH",4.90160183066362,2.81158504845961,4.8935,51.8302
"70","Boxtel NB",4.73883928571429,3.08446864077919,5.33695,51.5903
"71","Breda NB",5.06487695749441,2.72075694691051,4.7835,51.5919
"72","Bredevoort Gl",4.8649885583524,2.92897810015762,6.61716,51.9479
"74","Breskens Ze",4.375,3.13992118835449,3.55034,51.3954
"75","Brielle ZH",4.81756756756757,2.90813860976905,4.14577,51.9091
"77","Brouwershaven Ze",4.96363636363636,3.07740435683936,3.90585,51.7262
"79","Brummen Gl",4.67205542725173,2.98852482548466,6.15605,52.0899
"80","Brunssum Lb",4.49530516431925,3.031402860369,5.97961,50.9509
"81","Budel NB",4.56235827664399,3.07609638414885,5.58874,51.2754
"84","Buren Fr - Bueren Fr",4.84064665127021,2.92702710186994,5.79565,53.4507
"85","Burum Fr - Boerum Fr",4.90866510538642,2.97650118227358,6.23427,53.2752
"86","Buurmalsen Gl",4.61936936936937,3.11159242902483,5.2948,51.8938
"87","Callantsoog NH",4.81136363636364,2.97882135564631,4.69282,52.8357
"88","Coevorden Dr",4.45291479820628,3.06737799393503,6.74383,52.6658
"89","Culemborg Gl",4.71256038647343,2.91731966458834,5.22807,51.9583
"90","Dalfsen Ov",4.46803652968037,3.0279906136649,6.26757,52.5104
"91","De Lier ZH",4.99308755760369,2.79264803799716,4.24643,51.974
"92","De Lutte Ov",4.26520681265207,3.21791076660156,6.99565,52.3183
"93","De Rijp NH",4.95918367346939,2.9300479888916,4.8496,52.5561
"94","Dedemsvaart Ov",4.48868778280543,2.97738020760672,6.46139,52.6035
"96","Deil Gl",4.81006864988558,3.01158741542271,5.26659,51.8938
"97","Delden Ov",4.20232558139535,3.2309892134233,6.72109,52.2709
"98","Delft ZH hoog",4.99552572706935,2.90607037460595,4.34876,52.0012
"99","Delft ZH laag",5.01336302895323,3.27016435589707,4.34876,52.0012
"100","Den Dungen NB",4.65675057208238,3.05984925387198,5.38748,51.6673
"101","Den Ham Ov",4.45852534562212,3.31052483452691,6.50141,52.4654
"102","Den Hoorn NH",4.74831460674157,2.91816202799479,4.74352,53.0273
"103","Den Oever NH",4.87096774193548,2.84858158656529,5.02959,52.9325
"107","Deurne NB",4.64485981308411,3.05632019042969,5.79471,51.47
"108","Deventer Ov",5.10180995475113,2.90084021432059,6.17015,52.259
"109","Didam Gl",4.51910112359551,2.93087387084961,6.13432,51.9398
"110","Diemen NH",5.34151785714286,2.6645218698602,4.96912,52.3531
"112","Diepenveen Ov",4.50454545454545,2.99186304995888,6.15658,52.2965
"113","Dieren Gl",5.07175925925926,2.69274259868421,6.10984,52.0481
"115","Dodewaard Gl",4.59122401847575,2.80661010742188,5.66767,51.9088
"117","Doesburg Gl",5.00669642857143,2.92572530110677,6.13917,52.0186
"118","Doetinchem Gl",5.07061503416856,2.71514892578125,6.28471,51.9708
"119","Dokkum Fr",4.652,3.1156815921559,5.99337,53.3334
"120","Dongen NB",4.6530612244898,2.98319734845843,4.94976,51.6313
"121","Doornspijk Gl",4.40801886792453,2.83633477347238,5.81671,52.4222
"122","Driebruggen ZH",5.41163310961969,2.71230915614537,4.8168,52.0474
"123","Druten Gl",4.71052631578947,2.85174887520926,5.62074,51.8964
"124","Dwingeloo Dr",4.73853211009174,2.93686412464489,6.36946,52.8421
"125","Echt Lb",4.56264775413712,3.22090120135613,5.87524,51.1138
"126","Echten Fr - Ychten Fr",4.82598039215686,2.93656984965006,5.79904,52.8787
"127","Edam NH",5.05357142857143,2.69356754847935,5.06209,52.516
"128","Ede Gl",4.60992907801418,3.09286499023438,5.67966,52.0474
"129","Eede Ze",4.52045454545455,2.90780586108827,3.45258,51.2445
"131","Eelde Dr",4.50452488687783,3.01467440421121,6.57071,53.1465
"132","Eenrum Gn",4.60635696821516,3.12119854621167,6.4544,53.3688
"133","Eexterveen Dr",4.60859728506787,2.89924567086356,6.80361,53.0568
"134","Egmond aan Zee NH",4.62556053811659,2.96473533228824,4.61998,52.6171
"135","Egmond-Binnen NH",4.88116591928251,2.90976701702988,4.65209,52.5955
"136","Eibergen Gl",4.64852607709751,3.13157490321568,6.65948,52.1064
"137","Eijsden Lb",4.56177156177156,3.11818504333496,5.71089,50.77
"138","Eindhoven NB",4.72706935123043,2.96876311720463,5.49073,51.4454
"139","Elburg Gl",4.63235294117647,2.96757389948918,5.83746,52.4583
"140","Enkhuizen NH",5.13452914798206,2.75947679792132,5.29002,52.7056
"141","Epen Lb",4.34474327628362,3.09469690862692,5.92283,50.7776
"144","Fijnaart NB",5.32511210762332,2.7154598236084,4.46533,51.6363
"145","Finsterwolde Gn",4.72222222222222,2.98125648498535,7.09872,53.1947
"146","Formerum Fr - Formearum Fr",4.76570048309179,2.86263828651578,5.29472,53.3953
"147","Franeker Fr - Frjentsjer Fr",4.77142857142857,2.93735086692954,5.54106,53.19
"149","Garderen Gl",5.06192660550459,2.87297085848722,5.73016,52.2396
"150","Gasselte Dr",4.52584269662921,2.90647352787486,6.79061,52.9743
"152","Geldrop NB",4.56492027334852,3.04250375848067,5.56698,51.4297
"153","Genemuiden Ov",4.42567567567568,3.01882708514178,6.04665,52.6302
"157","Gerwen NB",4.62155963302752,3.09787255002741,5.57373,51.4936
"159","Giesbeek Gl",4.97266514806378,2.85704912458147,6.07008,51.9935
"160","Giethoorn Ov",4.52860411899313,3.07415369937294,6.08489,52.7484
"164","Goes Ze",5.01339285714286,2.91577420915876,3.87774,51.5008
"166","Goirle NB",4.6281179138322,2.92263258549205,5.0697,51.5242
"168","Gorssel Gl",4.66589861751152,3.1162253931949,6.20218,52.2055
"169","Gouda ZH",5.328125,2.70965903145926,4.7237,52.0188
"170","Gouderak ZH",5.19471153846154,2.73105516620711,4.68483,51.985
"171","Goudswaard ZH",4.76905829596412,2.85359736851283,4.26912,51.7926
"173","Grave NB",4.52908587257618,3.03435770670573,5.74307,51.7581
"174","Grijpskerk Gn",4.52477477477477,2.91292245047433,6.30885,53.2625
"175","Grijpskerke Ze",4.89438202247191,3.00649097987584,3.55996,51.5284
"176","Groenekan Ut",4.73922902494331,2.92851911272321,5.15861,52.1261
"177","Groenlo Gl",4.749430523918,3.05575343540737,6.62445,52.0475
"178","Groesbeek Gl",4.5626423690205,2.93149239676339,5.93168,51.7801
"179","Gronsveld Lb",4.52142857142857,3.0131591796875,5.74711,50.8135
"181","Grouw Fr - Grou Fr",4.87192118226601,3.02612426757812,5.84357,53.0973
"182","Grubbenvorst Lb",4.67120181405896,3.03114318847656,6.15182,51.4267
"183","Gulpen Lb",4.40281030444965,3.24003684303977,5.90166,50.8194
"185","Haaksbergen Ov",4.39767441860465,3.28311496310764,6.74983,52.164
"186","Haamstede Ze",4.85778781038375,3.05336400082237,3.73065,51.6992
"188","Hallum Fr",4.82469135802469,2.99313647930439,5.77716,53.3119
"190","Haps NB",4.45813953488372,3.07437869480678,5.86751,51.7
"191","Hardenberg Ov",4.44137931034483,3.1537880637429,6.61941,52.5799
"192","Harderwijk Gl",5.05681818181818,2.66856598435787,5.62315,52.3548
"193","Harkema Opeinde Fr - De Harkema Fr",4.87286063569682,3.07412109375,6.14427,53.212
"194","Harlingen Fr - Harns Fr",4.9,3.02798179343895,5.4098,53.1742
"196","Hasselt Ov",4.41355140186916,3.05527066317472,6.10034,52.5932
"197","Hattem Gl",4.28082191780822,3.07909066336496,6.07242,52.4759
"198","Havelte Dr",4.59502262443439,3.06682814213268,6.24506,52.7714
"199","Heerde Gl",4.43507972665148,3.23888544450726,6.04361,52.3916
"200","Heerewaarden Gl",4.75342465753425,2.9035819724754,5.39201,51.8188
"201","Hei- en Boeicop ZH",4.83183856502242,2.99481964111328,5.09143,51.9477
"203","Heinkenszand Ze",4.90582959641256,3.00520083778783,3.81016,51.4762
"204","Heino Ov",4.28378378378378,3.12352150364926,6.24519,52.4367
"207","Hellendoorn Ov",4.29940119760479,3.51035209324049,6.45516,52.3889
"208","Hellevoetsluis ZH",5.02027027027027,2.83072068956163,4.12433,51.8291
"209","Helmond NB",4.61872146118722,2.90205249451754,5.66704,51.4841
"210","Hengelo Gl",4.73981900452489,3.01097615559896,6.30918,52.0564
"214","Herkingen ZH",4.95515695067265,2.73392044870477,4.07943,51.7121
"216","Heteren Gl",4.79176201372998,3.00631877354213,5.7588,51.96
"217","Hierden Gl",4.67048054919908,3.12641558730811,5.67918,52.3609
"218","Hilvarenbeek NB",4.64125560538117,2.84553875839501,5.14236,51.4866
"219","Hindeloopen Fr - Hylpen Fr",4.8373786407767,3.08562438964844,5.39627,52.9489
"221","Hoedekenskerke Ze",4.75056179775281,3.01008033752441,3.9072,51.4242
"222","Hoenderloo Gl",5.00925925925926,2.82343891688756,5.88725,52.1234
"226","Hollandsche Veld Dr",4.63431151241535,2.86896057128906,6.54104,52.7128
"227","Hollum Fr",4.80093676814988,3.02682644713159,5.63278,53.4459
"228","Holwerd Fr - Holwert Fr",4.91626794258373,2.94597697707842,5.8955,53.3759
"230","Hooghalen Dr",4.42857142857143,2.98632491262336,6.54182,52.9178
"231","Hoonhorst Ov",4.36036036036036,3.26983562268709,6.23898,52.4847
"232","Hoorn NH",4.71658986175115,2.88838750665838,5.05861,52.64
"233","Horn Lb",4.61047835990888,3.03687139143024,5.95573,51.2159
"234","Houten Ut",5.07847533632287,2.87204059801604,5.16415,52.0302
"236","Huijbergen NB",4.8256880733945,2.89940518465909,4.38057,51.4383
"237","Huizen NH",5.23981900452489,2.67712482653166,5.24465,52.2986
"240","Hunsel Lb",4.57762557077626,3.13333674839565,5.8196,51.2003
"242","IJlst Fr - Drylts Fr",4.90602409638554,2.91285969660832,5.61644,53.0244
"243","IJmuiden NH",4.859375,3.05855841385691,4.6008,52.4581
"244","IJsselmuiden Ov",4.6322869955157,3.0546076638358,5.93061,52.5654
"245","IJzendijke Ze",4.66267942583732,3.27661189326534,3.61317,51.3175
"246","Ingen Gl",4.95890410958904,2.97870178222656,5.49545,51.9583
"249","Joure Fr - De Jouwer Fr",4.69638554216867,2.9606616450291,5.79015,52.9757
"250","Jubbega Fr - Jobbegea Fr",4.818401937046,2.97133202646293,6.12003,52.976
"251","Jutphaas Ut",4.7945205479452,2.70903202525356,5.09571,52.0646
"254","Kamerik Ut",4.90970654627539,2.71159063066755,4.90542,52.1266
"255","Kampen Ov",4.39130434782609,3.21047141335227,5.91161,52.5583
"257","Kantens Gn",4.50710900473934,3.09931751598011,6.63673,53.3686
"259","Katwijk aan Zee ZH",4.88111888111888,2.77659089224679,4.41293,52.2083
"261","Kedichem ZH",5.10810810810811,2.91057014465332,4.99883,51.8655
"262","Kerkrade Lb",4.57251908396947,3.11582664207176,6.07661,50.8706
"264","Kessel NB",4.76681614349776,3.04117169296532,5.41061,51.8029
"265","Klaaswaal ZH",4.97309417040359,2.84156290690104,4.44153,51.7688
"267","Kloosterzande Ze",5.04298642533937,2.80134166370739,4.01368,51.3657
"269","Koedijk NH",4.91928251121076,2.89291917232045,4.75333,52.6724
"270","Koekange Dr",4.51708428246014,2.86987748579545,6.33293,52.7
"272","Koewacht Ze",4.80454545454545,2.84717074307528,3.97057,51.2302
"273","Kortgene Ze",4.86800894854586,2.84697442305715,3.79177,51.5595
"275","Koudekerk aan den Rijn ZH",4.93181818181818,2.72435635653409,4.59953,52.1278
"276","Koudum Fr",4.68796068796069,2.98155900543811,5.45091,52.9187
"278","Kruiningen Ze",4.5625,3.25361251831055,4.02862,51.4491
"279","Kuinre Ov",4.31880733944954,3.16715387712445,5.83785,52.796
"280","Lage Zwaluwe NB",4.80454545454545,2.83998680114746,4.70558,51.7152
"281","Laren Gl",4.47963800904977,3.10259601048061,6.37052,52.2017
"282","Laren NH",4.81776765375854,2.98625432794744,5.22651,52.2549
"286","Leende NB",4.56629213483146,3.02241275185033,5.5672,51.3577
"287","Leermens Gn",4.87126436781609,2.95025367067571,6.7997,53.3497
"288","Leeuwarden Fr - Ljouwert Fr",4.75174013921114,2.96104015003551,5.81463,53.2077
"290","Lekkerkerk ZH",4.67415730337079,2.83598572867257,4.68617,51.8993
"291","Lemele Ov",4.43942992874109,3.17455618722098,6.4179,52.4515
"292","Lemmer Fr - De Lemmer Fr",4.8128078817734,2.9262109375,5.71845,52.8466
"293","Lent Gl",4.60592255125285,2.81801550728934,5.88339,51.8673
"295","Lichtenvoorde Gl",4.75586854460094,2.95665317111545,6.57395,51.9926
"297","Lies Fr",4.83170731707317,3.00685867608762,5.31035,53.3972
"299","Lochem Gl",4.48611111111111,3.1968252999442,6.41882,52.1626
"301","Loenen Gl",4.44772727272727,3.24928883143834,6.01683,52.12
"302","Loenen Ut",4.80536912751678,2.79950700726425,5.03034,52.2093
"307","Loon op Zand NB",4.82207207207207,2.93416555304276,5.06837,51.6426
"309","Maasbree Lb",4.58018867924528,3.0878165108817,6.06163,51.3631
"311","Maastricht Lb",4.47586206896552,3.04719876376065,5.69667,50.8476
"312","Makkum Fr",4.78149100257069,3.19576293945312,5.40457,53.0611
"313","Marken NH",5.05605381165919,2.72883739806058,5.10486,52.4585
"314","Marrum Fr - Mearum Fr",4.7708830548926,2.97887136421952,5.79602,53.3252
"315","Marum Gn",4.58997722095672,2.92425646100725,6.25817,53.1461
"321","Meerssen Lb",4.54233409610984,3.15629470557497,5.76937,50.8879
"322","Meije ZH",4.94212962962963,2.81398282732282,4.77996,52.1173
"323","Meijel Lb",4.55454545454545,2.98375554670367,5.89177,51.3568
"324","Meppel Dr",4.49887640449438,2.93404388427734,6.18479,52.7064
"327","Middelburg Ze",4.81348314606742,2.89622606549944,3.61311,51.4983
"328","Middelharnis ZH",5.12925170068027,2.87622014825994,4.16058,51.7544
"329","Middelie NH",4.85454545454546,2.97027802049068,5.0236,52.5371
"330","Midsland Fr - Midslan Fr",4.81774580335731,2.82398644272162,5.30202,53.3932
"331","Midwolda Gn",4.32482598607889,3.13525224165483,7.01357,53.1934
"335","Monnickendam NH",5.00671140939597,2.76089156301398,5.04722,52.4562
"341","Mussel Gn",4.33177570093458,3.30410565070386,7.04317,52.9633
"344","Nederweert Lb",4.63492063492064,2.99110921223958,5.75536,51.2937
"345","Neede Gl",4.58013544018059,3.21709723221628,6.62252,52.1426
"350","Nieuw-Schoonebeek Dr",4.5876993166287,2.85898426600865,7.02867,52.6469
"354","Nij Beets Fr",4.73734939759036,3.02842418964093,5.99078,53.0739
"355","Nijeholtpade Fr",4.68099547511312,2.7620609828404,6.07637,52.9245
"356","Nijmegen Gl",4.54279279279279,3.0079450105366,5.86906,51.8452
"357","Nijverdal Ov",4.44078947368421,3.61554641723633,6.47706,52.3678
"359","Nistelrode NB",4.66591928251121,3.01552059775905,5.57412,51.7102
"360","Noordeloos ZH",4.77303370786517,3.01648112705776,4.94761,51.9036
"361","Noordwolde Fr",5.02293577981651,2.84398869105748,6.14128,52.8917
"362","Norg Dr",4.54504504504505,2.8782062195895,6.46512,53.0687
"364","Nunspeet Gl",4.50231481481481,2.99920487837358,5.79135,52.3809
"366","Oerle NB",4.575,2.92543966728344,5.38649,51.4196
"367","Oijen NB",4.78828828828829,3.11465072631836,5.50821,51.8281
"368","Oirschot NB",4.65197215777262,2.96452059064593,5.32255,51.5056
"369","Oisterwijk NB",4.5814479638009,3.16803888689008,5.21388,51.5834
"370","Oldemarkt Ov",4.51270207852194,3.16555350167411,5.97813,52.8285
"371","Oldenzaal Ov",4.61860465116279,3.11373356410435,6.93263,52.3197
"372","Onstwedde Gn",4.36470588235294,3.1255237872784,7.03556,53.0351
"374","Ooltgensplaat ZH",4.83409090909091,2.98306792122977,4.33993,51.6869
"376","Oosterbeek Gl",5.16629213483146,2.89564514160156,5.85145,51.9914
"377","Oosterend Fr - Aasterein Fr",4.77672209026128,2.73478229229267,5.37447,53.4119
"378","Oosterland Ze",5.23598130841121,2.95674632679332,4.03171,51.647
"380","Ootmarsum Ov",4.32798165137615,3.14293207441057,6.89725,52.4009
"384","Opperdoes NH",4.78688524590164,2.92632939265324,5.07823,52.7644
"386","Ospel Lb",4.79591836734694,2.94982428299753,5.78877,51.3054
"387","Ossendrecht NB",4.4954128440367,2.92314231178977,4.33618,51.3949
"388","Otterlo Gl",5.16216216216216,2.76620376319216,5.77621,52.1061
"389","Ottersum Lb",4.46698113207547,3.03090150015695,5.99109,51.7141
"390","Oud-Charlois ZH",5.00675675675676,2.78038052150181,4.48614,51.8998
"391","Oud-Vossemeer Ze",5.15695067264574,2.78795262386924,4.19411,51.5687
"392","Ouddorp ZH",5.06603773584906,2.80473882501776,3.93084,51.8075
"393","Oude Pekela Gn",4.76649746192893,2.93683268229167,7.00476,53.1103
"394","Oude-Tonge ZH prot",4.81464530892448,2.97253635951451,4.20193,51.6906
"395","Oude-Tonge ZH rk",5,2.85515714946546,4.20346,51.6897
"396","Oudega Fr - Aldegea Fr",4.69607843137255,3.02819648155799,6.00497,53.1262
"397","Oudemirdum Fr - Aldemardum Fr",4.81598062953995,3.19287902832031,5.53267,52.8566
"400","Oudeschoot Fr - Aldskoat Fr",4.69,2.96054194523738,5.95903,52.9416
"401","Oudewater Ut",4.95691609977324,2.95761697334156,4.88127,52.0234
"404","Panningen Lb",4.54332552693208,3.08128792898996,5.98311,51.3364
"405","Papendrecht ZH",4.66666666666667,2.94608710793888,4.6857,51.8326
"407","Piershil ZH",5.18510158013544,2.76741927010672,4.30877,51.7951
"408","Poederoijen Gl",4.83108108108108,3.00993592398507,5.08239,51.7931
"411","Posterholt Lb",4.48045977011494,3.14987182617188,6.04284,51.1291
"413","Putten Gl",5.06976744186047,2.6572285045277,5.61404,52.2648
"414","Puttershoek ZH",5.09817351598173,2.78501087535511,4.57147,51.8063
"415","Raalte Ov",4.31192660550459,3.09071840558733,6.27776,52.3826
"417","Reek NB",4.718820861678,2.98026262249863,5.68827,51.7492
"418","Renkum Gl",4.85779816513762,3.05692836216518,5.73269,51.9763
"419","Reusel NB",4.64349775784753,2.97114616527892,5.17086,51.3711
"420","Reuver Lb",4.64530892448513,3.12296458653041,6.08992,51.2928
"421","Rhenen Ut",4.7765237020316,2.99511173793248,5.57615,51.9557
"422","Rijkevoort NB",4.61764705882353,3.03465993780839,5.89374,51.6681
"424","Rijsbergen NB",4.64705882352941,2.86875728138706,4.70554,51.5182
"425","Rijssen Ov",4.62945368171021,3.27041315149378,6.50784,52.3167
"426","Rilland Ze",5.01126126126126,2.96248626708984,4.1782,51.4149
"427","Rinsumageest Fr - Rinsumageast Fr",4.82512315270936,3.07009185791016,5.95617,53.3146
"428","Roderwolde Dr",4.55022831050228,2.92921393258231,6.47391,53.1721
"429","Roermond Lb",4.75115207373272,3.12682201244213,5.9977,51.1992
"431","Roggel Lb",4.61590909090909,3.1192412794682,5.95047,51.2724
"433","Roodeschool Gn",4.63718820861678,2.93536044034091,6.76086,53.4218
"434","Roosendaal NB",4.86727688787185,2.79019982474191,4.46934,51.5372
"435","Rossum Ov",4.23820754716981,3.14201581036603,6.9289,52.3587
"436","Roswinkel Dr",4.63431151241535,2.95374516078404,7.03682,52.8503
"437","Rotterdam ZH",4.74215246636771,2.98308308919271,4.47958,51.925
"438","Rottevalle Fr - Rottefalle Fr",4.72660098522168,3.08569874482996,6.1141,53.1464
"439","Rouveen Ov",4.57692307692308,3.07870810372489,6.1929,52.6172
"440","Rozendaal Gl",4.6,3.0537839617048,5.98348,52.0111
"441","Ruinen Dr",4.662100456621,3.03544783158736,6.36254,52.7627
"442","Ruurlo Gl",4.45667447306792,3.22009063185307,6.45406,52.0888
"445","s-Heerenberg Gl",4.41935483870968,2.91050720214844,6.24914,51.8792
"446","s-Heerenbroek Ov",5.1,2.83463495427912,6.01515,52.54
"448","s-Hertogenbosch NB",4.62929061784897,2.90394993832237,5.31826,51.7044
"449","Schagen NH",4.82528735632184,3.0327946799142,4.7975,52.7814
"450","Scheemda Gn",4.79726651480638,3.02010733621162,6.97615,53.1777
"451","Schelluinen ZH",4.98648648648649,3.00183359781901,4.92598,51.8509
"452","Scherpenzeel Fr",4.53020134228188,3.02194802802906,5.88096,52.8348
"453","Scheveningen ZH",5.03196347031963,2.741149357387,4.27296,52.1049
"454","Schiermonnikoog Fr - Skiermantseach Fr",4.82107843137255,3.00452540471004,6.16734,53.4832
"455","Schinnen Lb",4.56603773584906,3.11673549436173,5.89763,50.9447
"456","Schoonebeek Dr",4.48946135831382,2.91069557883523,6.89103,52.6677
"457","Schoonoord Dr",4.45823927765237,2.85477883475167,6.76854,52.8484
"458","Sellingen Gn",4.36091954022988,3.18349315502025,7.14603,52.9541
"459","Serooskerke Ze",4.81651376146789,2.91677267509594,3.59155,51.551
"460","Sevenum Lb",4.65437788018433,3.02749794407895,6.04251,51.4187
"461","Sexbierum Fr - Seisbierrum Fr",4.76059850374065,3.04353009737455,5.48152,53.2474
"462","Silvolde Gl",4.76629213483146,3.10895685564008,6.38186,51.914
"463","Sint Annaparochie Fr - Sint Anne Fr",4.58604651162791,3.19092157537287,5.6438,53.2811
"464","Sint Jansteen Ze",4.73198198198198,3.05406733921596,4.05104,51.2629
"465","Sint Maartensdijk Ze",4.85972850678733,2.83528194787367,4.07811,51.5497
"466","Sint-Annen Gn",4.42619047619048,3.08633311878551,6.65564,53.303
"469","Sint-Oedenrode NB",4.62528216704289,3.03539985522889,5.48551,51.5685
"470","Sittard Lb",4.50943396226415,3.09429988154659,5.87757,51.0068
"471","Slagharen Ov",4.44930875576037,3.02005740574428,6.55782,52.63
"472","Sliedrecht ZH",4.70294784580499,2.90342875889369,4.77437,51.8228
"473","Slochteren Gn",4.48970251716247,2.98658558238636,6.80239,53.2098
"474","Sloten Fr - Sleat Fr",4.76699029126214,3.00874587724794,5.64207,52.9004
"475","Smilde Dr",4.4527027027027,3.11962345668248,6.44812,52.9445
"476","Sneek Fr - Snits Fr",4.76744186046512,2.89578642668547,5.66559,53.033
"477","Someren NB",4.77752293577982,2.96512135288172,5.71677,51.3889
"478","Spakenburg Ut",5.03935185185185,2.87060328892299,5.38444,52.2553
"479","Spanbroek NH",4.84738041002278,2.98766653878348,4.94741,52.6948
"480","Spannum Fr",4.7550505050505,3.19870171180138,5.60154,53.1469
"481","Stadskanaal Gn",4.52777777777778,2.91820471627372,6.94878,52.9942
"482","Stavoren Fr - Starum Fr",4.76168224299065,3.03320197339328,5.35813,52.8935
"483","Steenbergen NB",4.87330316742081,2.85628897683662,4.31771,51.5876
"484","Steenderen Gl",4.98194130925508,2.98321696690151,6.19306,52.0656
"488","Steenwijk Ov",4.39237668161435,3.08734773334704,6.1252,52.7937
"491","Stokkum Ov",4.51168224299065,3.28761073521205,6.51306,52.2216
"492","Stolwijk ZH",5.02702702702703,2.85915943492543,4.77438,51.9699
"493","Stompwijk ZH",4.875,2.76433201840049,4.46034,52.0999
"494","Susteren Lb",4.55106888361045,3.07985299093681,5.86045,51.0724
"495","Tegelen Lb",4.58139534883721,2.93349550481428,6.14755,51.3504
"496","Ter Apel Gn",4.51963048498845,2.89395088061952,7.06375,52.8811
"498","Teuge Gl",4.5264367816092,3.03696963661595,6.04896,52.2385
"499","Tiel Gl",4.67800453514739,3.01103264944894,5.43987,51.8904
"501","Tienray Lb",4.55377574370709,2.9937460380688,6.09311,51.4994
"502","Tietjerk Fr - Tytsjerk Fr",4.88220551378446,2.97602726862981,5.9288,53.2072
"503","Tilburg NB",4.65842696629213,3.05135358843887,5.09142,51.5653
"504","Tilligte Ov",4.18491484184915,3.34242718036358,6.95118,52.413
"505","Tjalleberd Fr - Tsjalbert Fr",4.80629539951574,2.94820068359375,5.94375,52.9978
"509","Tubbergen Ov",4.18957345971564,3.30675880581725,6.78793,52.4085
"511","Ulft Gl",5.24090909090909,2.7936224686472,6.37885,51.8916
"512","Urk Fl",5.07126436781609,2.93739235617898,5.59918,52.6637
"513","Ursem NH",4.78863636363636,2.84900665283203,4.89841,52.6273
"514","Usselo Ov",4.08,3.17191078879616,6.83745,52.2087
"515","Utrecht Ut",4.89213483146067,3.01890831662897,5.1294,52.0989
"516","Vaals Lb",4.67692307692308,3.06255056343827,6.0221,50.7755
"517","Vaassen Gl",4.81348314606742,2.90246689110471,5.97813,52.2947
"518","Valthermond Dr",4.71593533487298,2.99078696114676,6.97874,52.8953
"519","Varsseveld Gl",4.70438799076212,3.16535786220006,6.47033,51.9459
"520","Veendam Gn",4.53333333333333,3.01731234463778,6.87005,53.1089
"521","Veenendaal Ut",4.84282460136674,3.07288668448465,5.56484,52.0302
"522","Veenwouden Fr - Feanwalden Fr",4.73838630806846,3.05530456542969,5.98433,53.2443
"523","Veghel NB",4.56207674943567,3.00122123852111,5.56174,51.622
"524","Velddriel Gl",4.69300225733634,2.95809064592634,5.30609,51.7739
"527","Venlo Lb",4.60770975056689,3.16308455033736,6.17484,51.3742
"528","Vessem NB",4.56009070294785,3.04377933970669,5.29675,51.4195
"532","Vlissingen Ze",4.671875,2.866634435821,3.57919,51.447
"533","Voerendaal Lb",4.52816901408451,3.16907691955566,5.93992,50.8916
"534","Volendam NH",4.85682326621924,2.72958374023438,5.07502,52.493
"535","Vollenhove Ov",4.71875,3.05882852119312,5.95976,52.683
"536","Voorst Gl",4.60538116591928,3.01692654793723,6.14691,52.1769
"537","Voorthuizen Gl",4.93563218390805,2.96520069667271,5.61673,52.1956
"538","Vorden Gl",4.75644028103044,3.13395634403935,6.31899,52.1146
"540","Vreeswijk Ut",5.1289592760181,2.77337780333402,5.10162,52.0107
"541","Vriezenveen Ov",4.67370892018779,3.21504691795067,6.63523,52.4155
"542","Waardenburg Gl",4.67640449438202,3.09053475516183,5.26523,51.8377
"544","Wagenborgen Gn",4.74647887323944,3.09955370867694,6.93431,53.2552
"546","Wanssum Lb",4.73853211009174,3.09196338318942,6.08132,51.545
"547","Wapse Dr",4.6117381489842,2.87781660897391,6.26544,52.865
"550","Wateringen ZH",4.88056206088993,2.88110293982164,4.26996,52.0223
"552","Weidum Fr",4.83863080684597,3.20856958506059,5.73523,53.1447
"555","Werkhoven Ut",5.19196428571429,3.03967713473136,5.25108,52.0247
"557","West-Terschelling Fr - West-Skylge Fr",4.84323040380047,2.86562781240426,5.20156,53.361
"558","Westerbork Dr",4.40723981900453,2.8679940359933,6.61736,52.8541
"559","Westergeest Fr - Westergeast Fr",5.01937046004843,2.94427226139949,6.09533,53.298
"560","Westkapelle Ze",4.73165137614679,2.95174816676549,3.43766,51.5248
"563","Wierden Ov",4.39659367396594,3.34975345318134,6.59971,52.3657
"564","Wierum Fr",4.88669950738916,3.05690840178845,6.02565,53.4043
"565","Wijdenes NH",4.75348837209302,3.03377979206589,5.16107,52.6396
"566","Wijhe Ov",4.36343115124154,3.23263924581963,6.13888,52.3922
"567","Wijk bij Duurstede Ut",4.73648648648649,2.85370997378701,5.35065,51.9736
"568","Wijnjeterp Fr - Wynjewald Fr",4.6504854368932,2.97496326153095,6.19404,53.0415
"569","Willemstad NB",4.68181818181818,2.89148672003495,4.43465,51.6902
"570","Wilp Gl",4.65977011494253,2.94816289629255,6.14925,52.2252
"571","Windesheim Ov",4.45537757437071,3.19645182291667,6.13727,52.4474
"573","Winterswijk Gl",4.92396313364055,2.95819038257264,6.72656,51.9797
"574","Wissenkerke Ze",4.7437641723356,3.02465766772889,3.7399,51.5831
"577","Wolvega Fr",4.35067873303167,3.13968885990611,6.0108,52.8825
"578","Workum Fr - Warkum Fr",4.83614457831325,2.98937255859375,5.43965,52.9851
"579","Woudenberg Ut",4.81136363636364,2.98010548374109,5.41835,52.0868
"580","Woudsend Fr - Waldsein Fr",4.743961352657,2.92382548405574,5.62635,52.9465
"581","Wouw NB",4.85778781038375,2.89192065858004,4.39474,51.5201
"584","Zaandijk NH",4.84151785714286,2.96516980622944,4.8134,52.4696
"585","Zalk Ov",4.44131455399061,3.13407868605394,6.01182,52.5214
"587","Zandvoort NH",4.75870069605568,3.0231670032848,4.53044,52.3766
"588","Zeddam Gl",5.11805555555556,2.83130215731534,6.26578,51.9059
"589","Zeeland NB",4.62100456621005,2.84594619483279,5.67792,51.7012
"590","Zegveld Ut",5.37162162162162,2.55128853781181,4.85089,52.1127
"592","Zelhem Gl",4.90497737556561,3.03057781018709,6.35117,52.0105
"593","Zetten Gl",4.729792147806,2.79671478271484,5.72126,51.933
"594","Zevenaar Gl",4.52036199095023,3.0674545555784,6.07917,51.9283
"595","Zevenbergen NB",4.69282511210762,2.92613138471331,4.61091,51.6473
"597","Zierikzee Ze",4.95248868778281,3.01831190926688,3.90682,51.6508
"598","Zieuwent Gl",4.84703196347032,2.95727913839775,6.52301,52.0146
"599","Zoetermeer ZH",5.3265306122449,2.67916979108538,4.4966,52.0582
"602","Zoutkamp Gn",4.40137614678899,3.07198170253209,6.29756,53.343
"604","Zuid-Sleen Dr",4.51716247139588,2.96997123852111,6.80274,52.7757
"605","Zuiddorpe Ze",4.80542986425339,2.91137481154057,3.90637,51.235
"606","Zuidzande Ze",4.47285067873303,2.93494360787528,3.45806,51.3385
"607","Zundert NB",4.86013986013986,2.99401883212003,4.67777,51.4732
"609","Zutphen Gl",5.1131221719457,2.86280929833128,6.19707,52.1472
"611","Zwartsluis Ov",4.45,3.05868308327415,6.07041,52.6429
"612","Zwinderen Dr",4.42533936651584,3.06693267822266,6.68004,52.7279
"613","Zwolle Ov",4.56492027334852,2.9997386932373,6.10418,52.5146
