lang,avg_len,shannon,test_shannon,test_loss,test_acc,best_epoch,val_loss,val_acc
Aalsmeer NH,4.964912280701754,4.537791789913291,4.379103839109816,2.910362912897478,0.41470590233802795,21,3.1077849864959717,0.3523809611797333
Aalten Gl,4.803571428571429,4.622507326044348,4.624438244147403,3.533395222255162,0.3076923191547394,22,3.311436176300049,0.2996845543384552
Aardenburg Ze,4.631578947368421,4.590281021697481,4.512286153162852,3.2778826261821545,0.30841121077537537,17,3.2150161266326904,0.28947368264198303
Aarlanderveen ZH,5.0701754385964914,4.425694700277258,4.292122061649776,2.8445852179276314,0.3843930661678314,21,2.886852979660034,0.37223976850509644
Abbekerk NH,4.872727272727273,4.650577498200283,4.615866868838116,3.3547698974609377,0.39318883419036865,19,3.2542340755462646,0.34201952815055847
Achterberg Ut,4.785714285714286,4.522580044218846,4.429128100871256,3.198990958077567,0.39814814925193787,23,3.071176290512085,0.35483869910240173
Aduard Gn,4.425925925925926,4.8055447591225295,4.751071246520262,3.4916209468135126,0.341296911239624,18,3.504361391067505,0.30434784293174744
Afferden Lb,4.785714285714286,4.60435585950427,4.490965106776289,3.495760236467634,0.32098764181137085,16,3.306246042251587,0.3425605595111847
Almen Gl,4.75,4.558562305061307,4.47886749823484,3.394106183733259,0.30124223232269287,19,3.342336893081665,0.2708333432674408
Almkerk NB,4.709090909090909,4.5507089238218095,4.475778990208736,3.318280584161932,0.35350319743156433,17,3.392986536026001,0.3097642958164215
Alphen NB,4.807017543859649,4.566305917318782,4.456610130444923,3.2295307360197367,0.3867069482803345,22,3.208235502243042,0.35947713255882263
Ameide ZH,4.857142857142857,4.512061772543201,4.478085002521958,3.2339466639927457,0.353658527135849,21,3.2649917602539062,0.3343949019908905
Amersfoort Ut,5.315789473684211,4.5840424739915,4.453484991824652,2.9995015462239585,0.4194444417953491,19,3.1480278968811035,0.35670730471611023
Angerlo Gl,4.944444444444445,4.6518959714960895,4.587694875107571,3.3041407267252603,0.3831775486469269,16,3.255038261413574,0.3536977469921112
Anloo Dr,4.607142857142857,4.703616231418477,4.620775355250422,3.243882860456194,0.3503184914588928,16,3.4057066440582275,0.28135591745376587
Apeldoorn Gl,4.754385964912281,4.710591046270708,4.720688728391568,3.512208102042215,0.2926829159259796,19,3.450584888458252,0.2939189374446869
Appingedam Gn,4.517857142857143,4.796191235234799,4.660534626536955,3.26074709211077,0.3689320385456085,19,3.470538377761841,0.3378378450870514
Arnemuiden Ze,5.017543859649122,4.525807534564233,4.387388582320026,3.124831350226151,0.37026241421699524,22,3.1821460723876953,0.3665594756603241
Austerlitz Ut,5.385964912280702,4.501726648485783,4.396882148704029,2.9483208907277962,0.4395604431629181,17,2.827221393585205,0.4129793643951416
Axel Ze,4.56140350877193,4.701821209191729,4.539173381611047,3.5235188802083335,0.32176655530929565,15,3.400541067123413,0.3206896483898163
Baarle-Nassau NB,4.642857142857143,4.686633952175984,4.559965483752352,3.282262529645647,0.3607594966888428,16,3.400696039199829,0.3277592062950134
Bakel NB,4.830188679245283,4.63224015669311,4.496607686189964,3.391326328493514,0.33656957745552063,25,3.388314723968506,0.3242320716381073
Balkbrug Ov,4.7272727272727275,4.6831181207857835,4.593592098857723,3.4848427512428977,0.30158731341362,18,3.54646897315979,0.2709030210971832
Barger-Oosterveld Dr,4.875,4.65782824908788,4.648023261894182,3.248661313738142,0.3738601803779602,17,3.167341947555542,0.3199999928474426
Barneveld Gl,5.109090909090909,4.481654149156614,4.343474207809749,3.2973277698863637,0.3511904776096344,22,3.1755852699279785,0.3354838788509369
Bathmen Ov,4.345454545454546,4.61416193950228,4.564902871338347,3.5358434503728695,0.32312923669815063,28,3.4211063385009766,0.30685919523239136
Beek NB,4.614035087719298,4.541967153279585,4.4587530624817076,3.456168191474781,0.34375,22,3.283869743347168,0.341549277305603
Bellingwolde Gn,4.527272727272727,4.727586394452065,4.6604353170881865,3.261191073330966,0.35197368264198303,16,3.4579477310180664,0.3137930929660797
Benschop Ut,4.87719298245614,4.549530707111554,4.460127111827572,3.3545687491433664,0.36119404435157776,24,3.2352943420410156,0.3386581540107727
Bergen op Zoom NB,4.696428571428571,4.537443893384867,4.404732111029489,3.0658697400774275,0.385579913854599,17,3.1471121311187744,0.3333333432674408
Bergentheim Ov,4.446428571428571,4.592541382248375,4.575184693255275,3.4859981536865234,0.3409835994243622,17,3.4180424213409424,0.2975778579711914
Berkel-Oud ZH,5.2407407407407405,4.4812601079959915,4.294424779965364,2.9017712628399885,0.41246291995048523,15,2.885000705718994,0.36532506346702576
Bleskensgraaf ZH,5.410714285714286,4.504035270726535,4.326661929142276,2.9492318289620534,0.40111419558525085,23,2.9412953853607178,0.34834834933280945
Blokzijl Ov,4.5,4.585842288496144,4.499239547216333,3.246016638619559,0.34090909361839294,23,3.2884819507598877,0.31448763608932495
Boekel NB,4.824561403508772,4.599626125269756,4.385260000608174,3.406982421875,0.3283132314682007,17,3.3229470252990723,0.35335689783096313
Borculo Gl,4.701754385964913,4.657358523680561,4.638911674496715,3.4909368146929824,0.3138461410999298,19,3.464597702026367,0.29801324009895325
Borkel NB,4.771929824561403,4.569985382051765,4.5158154423699575,3.4557827062774122,0.3404255509376526,18,3.3354525566101074,0.33770492672920227
Borne Ov,4.163636363636364,4.84695620906338,4.775643753176529,3.7456240567294032,0.31338027119636536,21,3.6531760692596436,0.30158731341362
Boven-Hardinxveld ZH,5.0,4.562287081761233,4.402679035548661,2.9568679244429976,0.3919753134250641,19,3.0329651832580566,0.3805031180381775
Boxtel NB,4.842105263157895,4.677960718800266,4.491564728881424,3.3494182385896383,0.3843843936920166,15,3.3929033279418945,0.37380191683769226
Breda NB,5.245614035087719,4.572572308103609,4.499957563755948,3.0938348602830317,0.3735955059528351,20,3.13572359085083,0.3333333134651184
Bredevoort Gl,4.982142857142857,4.52487560285641,4.457910853194788,3.344529288155692,0.3343283534049988,22,3.221435546875,0.3375394344329834
Breskens Ze,4.473684210526316,4.707831404240519,4.635584535728375,3.522425601356908,0.317307710647583,22,3.6428470611572266,0.28928571939468384
Brielle ZH,4.859649122807017,4.5494018952954445,4.40718753417664,3.138261761581689,0.36227545142173767,18,3.0542726516723633,0.3343949019908905
Brouwershaven Ze,5.109090909090909,4.645146278850412,4.524587717273203,3.2558837890625,0.386904776096344,23,3.354745388031006,0.3418530225753784
Brummen Gl,4.875,4.602793441317093,4.550017693962759,3.4079192025320872,0.34346505999565125,19,3.504589080810547,0.2904290556907654
Brunssum Lb,4.481481481481482,4.6385453404626285,4.501051066938204,3.563603153935185,0.3006756901741028,23,3.33719539642334,0.3175675868988037
Budel NB,4.642857142857143,4.564137733276535,4.432371939082832,3.3331710270472934,0.34810128808021545,18,3.235278844833374,0.33445945382118225
Buurmalsen Gl,4.732142857142857,4.6488987303338964,4.59198603197178,3.407518114362444,0.3333333134651184,22,3.250739336013794,0.3476821184158325
Callantsoog NH,4.964912280701754,4.5172464141828215,4.411803466349401,3.213892886513158,0.3852941393852234,16,3.342355966567993,0.337579607963562
Coevorden Dr,4.581818181818182,4.642782778782963,4.567788731285307,3.2794189453125,0.3485341966152191,19,3.2636845111846924,0.3254237174987793
Culemborg Gl,4.773584905660377,4.581709266881929,4.389512892214094,3.3409720366855837,0.38235294818878174,18,3.1036813259124756,0.3672727346420288
Dalfsen Ov,4.631578947368421,4.5705334414771395,4.630980023847086,3.5429376970257676,0.2897196114063263,19,3.399574041366577,0.25
De Lier ZH,4.962264150943396,4.573571987408519,4.424669487444975,3.0571766979289503,0.35759493708610535,20,2.947441816329956,0.39076924324035645
De Lutte Ov,4.264150943396227,4.639116352747056,4.516035745060988,3.4230162422612027,0.32258063554763794,18,3.5945863723754883,0.3085501790046692
De Rijp NH,4.964285714285714,4.65824720730698,4.569121897825837,3.2602735246930803,0.3922155797481537,20,3.3514926433563232,0.3523809611797333
Dedemsvaart Ov,4.571428571428571,4.6499466410557995,4.601554409349002,3.432195390973772,0.3301282227039337,17,3.3557040691375732,0.27586206793785095
Deil Gl,5.107142857142857,4.578960823379686,4.476060039878749,3.3531409672328403,0.34502923488616943,18,3.2821714878082275,0.3187919557094574
Delden Ov,4.303571428571429,4.850113547175615,4.707711439247286,3.6111578260149275,0.2929292917251587,18,3.611558675765991,0.26937270164489746
Delft ZH hoog,5.052631578947368,4.4453504395477585,4.371545241408253,3.134954619825932,0.3710145056247711,24,3.0868804454803467,0.32415902614593506
Delft ZH laag,5.0701754385964914,4.590318668426997,4.510564101422532,3.3798750492564418,0.338150292634964,35,3.2863218784332275,0.33030301332473755
Den Dungen NB,4.754385964912281,4.6474704008810575,4.533260949493452,3.448871010228207,0.353658527135849,15,3.3399038314819336,0.3484320640563965
Den Ham Ov,4.490909090909091,4.79976312433867,4.734571760943278,3.6491247003728695,0.3245033025741577,17,3.5791845321655273,0.2579505443572998
Den Hoorn NH,4.842105263157895,4.5514643757782265,4.424312397297478,3.3190275493421053,0.35735735297203064,21,3.4188051223754883,0.31545743346214294
Den Oever NH,5.0,4.48617454292868,4.456087138899792,3.229815891810826,0.3511904776096344,19,3.2643420696258545,0.3408360183238983
Deurne NB,4.745454545454545,4.540301965476278,4.448516427421249,3.4254169810901987,0.3512658178806305,16,3.448509454727173,0.3095237910747528
Deventer Ov,5.2,4.4894436015787935,4.4838888629391915,3.2128001819957386,0.39296188950538635,19,2.9553236961364746,0.36858007311820984
Didam Gl,4.631578947368421,4.605877246541364,4.43265602280838,3.4283209014357183,0.3644859790802002,24,3.3054747581481934,0.34563758969306946
Diemen NH,5.368421052631579,4.48069210926044,4.369741351413736,2.918476573207922,0.44352617859840393,21,2.947129011154175,0.3888888955116272
Diepenveen Ov,4.719298245614035,4.58491504302029,4.551245930994924,3.410776506390488,0.30368098616600037,20,3.445059299468994,0.29830509424209595
Dieren Gl,5.035714285714286,4.440545232810193,4.387883104145806,3.1306005205426897,0.39349111914634705,24,2.9873571395874023,0.390625
Dodewaard Gl,4.714285714285714,4.509475865185038,4.44117116581857,3.316964558192662,0.39375001192092896,18,3.1488595008850098,0.3680555522441864
Doesburg Gl,5.12280701754386,4.5457759468054215,4.497720924225752,3.4511940939384593,0.3581661880016327,25,3.2130308151245117,0.3746129870414734
Doetinchem Gl,5.107142857142857,4.491344788602559,4.4528440422458635,3.149786812918527,0.4181286692619324,23,3.057647943496704,0.35987260937690735
Dongen NB,4.807017543859649,4.557020392723308,4.4208950584608635,3.3527521501507676,0.347432017326355,25,3.2493207454681396,0.3538961112499237
Doornspijk Gl,4.482142857142857,4.599421799601351,4.56043450304901,3.259939193725586,0.31596091389656067,19,3.2585084438323975,0.31716418266296387
Driebruggen ZH,5.464285714285714,4.511058239436934,4.412760871326906,2.7934608459472656,0.450276255607605,22,2.7078895568847656,0.409221887588501
Druten Gl,4.803921568627451,4.533649161003347,4.411860095530022,3.3666654100605085,0.375,23,3.1253585815429688,0.36082473397254944
Dwingeloo Dr,4.732142857142857,4.670192436095446,4.598228582506481,3.3162563868931363,0.3177570104598999,20,3.3240466117858887,0.30519479513168335
Echt Lb,4.618181818181818,4.747974346022246,4.647711300753265,3.6028037331321023,0.34951457381248474,17,3.444915533065796,0.33103448152542114
Edam NH,5.140350877192983,4.501950385893699,4.3943657291652505,2.936684859426398,0.39142856001853943,17,2.9323995113372803,0.3363914489746094
Ede Gl,4.714285714285714,4.560019654006661,4.477152897165106,3.374865395682199,0.3656249940395355,14,3.3928756713867188,0.3141762316226959
Eede Ze,4.649122807017544,4.513902326942929,4.437815398863135,3.2003326416015625,0.31366461515426636,18,3.1036617755889893,0.33448275923728943
Eelde Dr,4.589285714285714,4.723481843513133,4.612768182256356,3.2051993778773715,0.3482428193092346,16,3.297734260559082,0.2935153543949127
Eenrum Gn,4.611111111111111,4.668907826673809,4.622809707271832,3.263050503200955,0.3465346693992615,18,3.2720654010772705,0.298561155796051
Eexterveen Dr,4.660714285714286,4.693753150911303,4.565372301620981,3.1593706948416576,0.34069401025772095,18,3.193336248397827,0.30612245202064514
Egmond aan Zee NH,4.660714285714286,4.423677939542227,4.306365471450754,3.1494712829589844,0.4132492244243622,16,3.2527215480804443,0.33774834871292114
Egmond-Binnen NH,4.875,4.47020755351034,4.409186081599778,3.140820094517299,0.40425533056259155,19,3.2349777221679688,0.34267911314964294
Eibergen Gl,4.754385964912281,4.5860361288428315,4.579033802205598,3.501179209926672,0.32926827669143677,19,3.3563759326934814,0.34899330139160156
Eijsden Lb,4.672727272727273,4.656070638063144,4.463579854395018,3.42513427734375,0.35576924681663513,16,3.3121721744537354,0.3390410840511322
Eindhoven NB,4.771929824561403,4.580872526162363,4.464468483434439,3.1499467816269187,0.37689968943595886,18,3.363583564758301,0.3333333432674408
Elburg Gl,4.7407407407407405,4.517139390218281,4.494881048951053,3.3005540635850696,0.2967741787433624,21,3.310746192932129,0.29118773341178894
Enkhuizen NH,5.142857142857143,4.460226771448484,4.394581851959124,3.0037389482770647,0.3779069781303406,20,2.8804116249084473,0.3525835871696472
Epen Lb,4.52,4.566255480555475,4.41314735988176,3.4132089233398437,0.3442029058933258,21,3.340324640274048,0.30072465538978577
Fijnaart NB,5.4035087719298245,4.520469666724531,4.433695769788432,2.9824299059416117,0.40821918845176697,18,2.982213258743286,0.3373134434223175
Finsterwolde Gn,4.732142857142857,4.78282516366705,4.708319281525474,3.1268182482038225,0.38629281520843506,13,3.3825087547302246,0.33876219391822815
Garderen Gl,5.2631578947368425,4.5351178377787935,4.451711729744597,3.2691203334875274,0.3837535083293915,22,3.1531476974487305,0.3461538553237915
Gasselte Dr,4.5964912280701755,4.626970961796469,4.509944225540569,3.052979854115269,0.3479623794555664,20,3.2249515056610107,0.30034127831459045
Geldrop NB,4.631578947368421,4.533809355892433,4.441708798295805,3.3955268190618146,0.3177570104598999,17,3.508991241455078,0.30000001192092896
Genemuiden Ov,4.581818181818182,4.579515548150334,4.549617634675221,3.355773093483665,0.31270357966423035,22,3.3984155654907227,0.2989690899848938
Gerwen NB,4.767857142857143,4.532269244442513,4.454458245215797,3.514054162161691,0.3560371398925781,19,3.3125977516174316,0.35353535413742065
Giesbeek Gl,5.017543859649122,4.5642643703979875,4.521870274926675,3.111973812705592,0.41107872128486633,17,3.2151615619659424,0.37460318207740784
Giethoorn Ov,4.7368421052631575,4.574485368718264,4.530033583465991,3.4044992547286186,0.29663610458374023,21,3.4777915477752686,0.2626262605190277
Goes Ze,5.298245614035087,4.527800671402558,4.467344673324067,3.0885812859786186,0.3844011127948761,18,3.0903069972991943,0.3446153998374939
Goirle NB,4.642857142857143,4.622469454822856,4.513121294042344,3.354705265590123,0.3670886158943176,26,3.234856605529785,0.3288590610027313
Gorssel Gl,4.821428571428571,4.5392138530972925,4.546451565167842,3.572870526994978,0.3098159432411194,23,3.3937923908233643,0.2861842215061188
Gouda ZH,5.315789473684211,4.52285144806659,4.458256480888938,2.8434014571340462,0.4472222328186035,16,2.7479162216186523,0.429824560880661
Gouderak ZH,5.313725490196078,4.432481172858365,4.289128649263495,2.9213439343022367,0.3819875717163086,18,2.8326902389526367,0.4030769169330597
Goudswaard ZH,4.912280701754386,4.533882030660205,4.427735985679382,3.189446164850603,0.3709198832511902,20,3.213249921798706,0.35873016715049744
Grave NB,4.54,4.602002612108339,4.562722165215777,3.433939208984375,0.31768953800201416,24,3.3677151203155518,0.31660231947898865
Grijpskerk Gn,4.56140350877193,4.697276821680606,4.631357063015231,3.360121877569901,0.3501577377319336,24,3.2946887016296387,0.37162163853645325
Grijpskerke Ze,5.087719298245614,4.525676500277263,4.460791461575294,3.190715321323328,0.3717579245567322,19,3.381465435028076,0.30990415811538696
Groenekan Ut,4.839285714285714,4.553359690428029,4.483040680071462,3.1262258802141463,0.4097859561443329,21,3.1590969562530518,0.3512658178806305
Groenlo Gl,4.982142857142857,4.6182937839881975,4.509150132349745,3.4356915610177174,0.36119404435157776,22,3.5295610427856445,0.2790697515010834
Groesbeek Gl,4.857142857142857,4.591388335415474,4.5224426561355155,3.2811595371791293,0.353658527135849,18,3.2374815940856934,0.3501683473587036
Gronsveld Lb,4.5636363636363635,4.632933705169218,4.559670173872498,3.464088856090199,0.3464052379131317,20,3.3238649368286133,0.3476821184158325
Grubbenvorst Lb,4.771929824561403,4.577522428036465,4.490811664077944,3.281294973273026,0.36474165320396423,14,3.3784468173980713,0.32673269510269165
Gulpen Lb,4.490566037735849,4.612335938185178,4.479792996065971,3.4018416494693398,0.3470790386199951,16,3.373337745666504,0.30612245202064514
Haaksbergen Ov,4.381818181818182,4.714186191759178,4.671660834421069,3.7007285378196024,0.2939189374446869,21,3.588721990585327,0.2633451819419861
Haamstede Ze,5.017857142857143,4.600451661210102,4.410880860296415,3.2925022670200894,0.34124627709388733,20,3.3708548545837402,0.3333333432674408
Haps NB,4.517857142857143,4.553946089050601,4.488072029261594,3.4222815377371654,0.3236246109008789,15,3.2865312099456787,0.3085106313228607
Hardenberg Ov,4.56140350877193,4.676359341868773,4.653126082581092,3.536310028611568,0.30914828181266785,15,3.6718549728393555,0.26760563254356384
Harderwijk Gl,5.105263157894737,4.430006121357862,4.434299320375217,3.0944859019496986,0.3879310190677643,19,3.0778419971466064,0.3687500059604645
Hasselt Ov,4.614035087719298,4.601284803736691,4.515788033672581,3.4316125167043587,0.3031249940395355,21,3.479288339614868,0.2761194109916687
Hattem Gl,4.428571428571429,4.640958976233422,4.602795634618907,3.488174165998186,0.31578946113586426,16,3.5878756046295166,0.2589928209781647
Havelte Dr,4.7368421052631575,4.636977244315406,4.568518913306117,3.329379968475877,0.3302752375602722,16,3.2450673580169678,0.3033333420753479
Heerde Gl,4.571428571428571,4.723601276497033,4.7080328752012885,3.7005247388567244,0.28525641560554504,26,3.459329843521118,0.2915254235267639
Heerewaarden Gl,4.796296296296297,4.5298778759668945,4.4590275651477285,3.3279797589337385,0.36102235317230225,18,3.234494924545288,0.3492063581943512
Hei- en Boeicop ZH,5.0181818181818185,4.550970992386395,4.446917526251394,3.1929526589133523,0.3987915515899658,21,3.285235643386841,0.344936728477478
Heinkenszand Ze,5.12280701754386,4.5432796595075695,4.471754371119592,3.234009859854715,0.37249284982681274,16,3.300755262374878,0.33956384658813477
Heino Ov,4.385964912280702,4.648205792698078,4.644193493553074,3.5542757803933664,0.3061889111995697,19,3.5449795722961426,0.2680412530899048
Hellendoorn Ov,4.208333333333333,4.730093202259294,4.448885454923373,4.178852399190267,0.2240000069141388,23,4.123996734619141,0.2527472674846649
Hellevoetsluis ZH,5.125,4.57887783250638,4.475335013544192,2.9761456080845425,0.3877551257610321,19,2.915526866912842,0.36666664481163025
Helmond NB,4.767857142857143,4.452434899956545,4.4022172914315805,3.338819776262556,0.34984520077705383,19,3.1422665119171143,0.3309091031551361
Hengelo Gl,4.947368421052632,4.557563679044874,4.509514722983623,3.39776397169682,0.32743361592292786,25,3.2918500900268555,0.34193548560142517
Herkingen ZH,4.964912280701754,4.4073101355112065,4.287958791417284,3.049311587685033,0.3911764919757843,19,2.944908857345581,0.369905948638916
Heteren Gl,5.0,4.592354333289852,4.488589917543684,3.334168035333807,0.36666664481163025,20,3.282414436340332,0.3386581540107727
Hierden Gl,4.859649122807017,4.612174097250092,4.561980114674732,3.3455569618626644,0.38323354721069336,21,3.481452703475952,0.3154362440109253
Hilvarenbeek NB,4.631578947368421,4.609100923883077,4.552295930245276,3.1248056512129936,0.3520249128341675,17,3.06414532661438,0.3509933650493622
Hoedekenskerke Ze,4.912280701754386,4.520148482878452,4.413081608409027,3.294831660755894,0.32937684655189514,19,3.2133214473724365,0.33876219391822815
Hoenderloo Gl,5.053571428571429,4.468604539813196,4.368671067481947,3.130706242152623,0.39823007583618164,21,3.193551540374756,0.3462783396244049
Hollandsche Veld Dr,4.785714285714286,4.568732065046183,4.523999097134852,3.150437491280692,0.34876543283462524,20,3.1337804794311523,0.30666667222976685
Hooghalen Dr,4.508771929824562,4.625858986965103,4.49883610523719,3.156390541478207,0.35668790340423584,20,3.262648820877075,0.2969283163547516
Hoonhorst Ov,4.56140350877193,4.681662712887649,4.614407691708506,3.6840983608312774,0.30283913016319275,22,3.5213980674743652,0.2717770040035248
Hoorn NH,4.912280701754386,4.4800357075537685,4.4148308233967635,3.1727624190481087,0.3827893137931824,17,3.145637035369873,0.3139931559562683
Horn Lb,4.649122807017544,4.712455688048047,4.640374702371253,3.488264117324561,0.33850932121276855,20,3.2789087295532227,0.3499999940395355
Houten Ut,5.214285714285714,4.53351908295505,4.441970503488709,3.1415203639439175,0.3735632300376892,15,3.1246044635772705,0.3501577377319336
Huijbergen NB,4.982142857142857,4.576631511177345,4.4913483710702655,3.115100860595703,0.37910449504852295,15,3.2898073196411133,0.3322259187698364
Huizen NH,5.4035087719298245,4.481715238759803,4.393534452601028,3.0515310722484923,0.4109589159488678,19,3.0964534282684326,0.35093167424201965
Hunsel Lb,4.666666666666667,4.658194186109303,4.54749976918006,3.2942488820929277,0.32817336916923523,19,3.4070982933044434,0.3242320716381073
IJmuiden NH,4.982456140350878,4.626888423519439,4.537082637792405,3.312893783837034,0.35483869910240173,19,3.3539464473724365,0.32176655530929565
IJsselmuiden Ov,4.824561403508772,4.656285539585006,4.595534880256179,3.3885316012198463,0.3313252925872803,20,3.4493043422698975,0.28333333134651184
IJzendijke Ze,4.830188679245283,4.618144190098946,4.512568652763353,3.573100539873231,0.29449838399887085,16,3.6199803352355957,0.27681660652160645
Ingen Gl,4.946428571428571,4.550148686880419,4.480289959645723,3.365513120378767,0.34834834933280945,25,3.151510715484619,0.3416927754878998
Jutphaas Ut,4.87719298245614,4.439853491912442,4.374886034001304,3.1490071614583335,0.3552238941192627,25,3.0397768020629883,0.3650793731212616
Kamerik Ut,5.017543859649122,4.483618800051932,4.380123290489503,2.953955131664611,0.39650148153305054,18,2.93190860748291,0.3607594966888428
Kampen Ov,4.517857142857143,4.637844637847099,4.617417611633972,3.520568302699498,0.3106796145439148,15,3.5060393810272217,0.31294965744018555
Kantens Gn,4.428571428571429,4.777183409259405,4.661961405655182,3.3479745047433034,0.37171053886413574,20,3.4046483039855957,0.3479853570461273
Katwijk aan Zee ZH,4.90566037735849,4.4740365026728135,4.394647347003555,2.978365916126179,0.36741212010383606,18,3.0647945404052734,0.3540983498096466
Kedichem ZH,5.160714285714286,4.5151127293296165,4.503860475288359,3.1487415858677457,0.3855072557926178,22,3.081341505050659,0.3674698770046234
Kerkrade Lb,4.795918367346939,4.573872995337027,4.411487580173324,3.44564134247449,0.32042253017425537,17,3.299121856689453,0.3122676610946655
Kessel NB,4.842105263157895,4.548247131821637,4.431682377676854,3.434396041067023,0.35735735297203064,18,3.341837167739868,0.36092716455459595
Klaaswaal ZH,5.035087719298246,4.578145087339446,4.457509584881897,3.023941843133224,0.38372093439102173,17,3.0434505939483643,0.3467492163181305
Kloosterzande Ze,5.017857142857143,4.45268332828331,4.33103885631375,3.016521453857422,0.38872402906417847,20,2.8988285064697266,0.37579619884490967
Koedijk NH,4.982456140350878,4.6187992308804935,4.510060876655302,3.1955844812225878,0.39296188950538635,17,3.162781238555908,0.3611111044883728
Koekange Dr,4.553571428571429,4.616787984192658,4.550223248719948,3.152435302734375,0.31511253118515015,17,3.190890073776245,0.31448763608932495
Koewacht Ze,4.821428571428571,4.461370999605789,4.312994484635523,3.0892410278320312,0.3650306761264801,17,3.0797362327575684,0.34415584802627563
Kortgene Ze,5.0701754385964914,4.493142203984696,4.435558678625977,3.0957807574355813,0.37283235788345337,21,3.1773581504821777,0.35483869910240173
Koudekerk aan den Rijn ZH,5.175438596491228,4.488307678276792,4.331276146505385,2.853524191337719,0.38920456171035767,18,2.952697515487671,0.3690851926803589
Kruiningen Ze,4.7368421052631575,4.658295815503494,4.604940004581374,3.2869642826548793,0.34250766038894653,16,3.5260446071624756,0.3074324429035187
Kuinre Ov,4.381818181818182,4.736867639605451,4.63427879141401,3.4650623668323863,0.34121623635292053,16,3.4929192066192627,0.31690141558647156
Lage Zwaluwe NB,4.824561403508772,4.666344476063361,4.5472696877439205,2.995660614549068,0.3915662467479706,17,3.108612060546875,0.3516128957271576
Laren Gl,4.526315789473684,4.628009554278689,4.5925852077314255,3.554683484529194,0.3142857253551483,26,3.4237122535705566,0.2861952781677246
Laren NH,4.872727272727273,4.5990331727111196,4.5182810639616084,3.2698713822798298,0.3684210479259491,20,3.166325092315674,0.3376205861568451
Leende NB,4.642857142857143,4.591334057798893,4.503779472465002,3.42074339730399,0.3544303774833679,23,3.430170774459839,0.32413792610168457
Leermens Gn,5.0,4.779987183227221,4.748816312147557,3.1354985822711074,0.4093567132949829,18,3.218991756439209,0.3633440434932709
Lekkerkerk ZH,4.678571428571429,4.581487925519526,4.457965101126442,3.1921945299421037,0.3899371027946472,22,3.1184732913970947,0.3355048596858978
Lemele Ov,4.555555555555555,4.64728955711141,4.59881595302443,3.6456468370225696,0.31333333253860474,19,3.648190975189209,0.2664233446121216
Lent Gl,4.660714285714286,4.482260614221836,4.417348727376345,3.3687542506626675,0.35962146520614624,22,3.122476816177368,0.3400673270225525
Lichtenvoorde Gl,4.963636363636364,4.554028923564973,4.546521837937021,3.4722972523082385,0.32926827669143677,25,3.343580961227417,0.2898089289665222
Lochem Gl,4.625,4.6682337144327155,4.675071692343502,3.5321638924734935,0.32380953431129456,22,3.4608325958251953,0.32081910967826843
Loenen Gl,4.607142857142857,4.671207937104453,4.632195951271519,3.597141538347517,0.2929936349391937,16,3.5391910076141357,0.32042253017425537
Loenen Ut,4.928571428571429,4.486941470895267,4.4078504068353155,3.298242841448103,0.3644578158855438,24,3.2206852436065674,0.32278481125831604
Loon op Zand NB,4.803571428571429,4.641366363082125,4.521534280550467,3.3097239903041293,0.32923075556755066,20,3.266892671585083,0.3540983498096466
Maasbree Lb,4.648148148148148,4.631816517665106,4.454968515538569,3.4607470477068865,0.31475409865379333,22,3.4351470470428467,0.3345724940299988
Maastricht Lb,4.527272727272727,4.741229817594677,4.594245265013675,3.4758752996271305,0.31578946113586426,22,3.3716115951538086,0.3287671208381653
Marken NH,5.053571428571429,4.532714153099361,4.389735606443132,2.944911411830357,0.41887906193733215,16,2.9408397674560547,0.3580246865749359
Marum Gn,4.701754385964913,4.740403659085598,4.638916898769279,3.241054334138569,0.3753846287727356,17,3.474384069442749,0.31418919563293457
Meerssen Lb,4.611111111111111,4.693474105685504,4.6196656993318745,3.411834716796875,0.3003300428390503,21,3.4527456760406494,0.3333333432674408
Meije ZH,4.945454545454545,4.5502793260285355,4.431140448086872,3.2873879172585228,0.35474008321762085,24,3.113248825073242,0.3291139304637909
Meijel Lb,4.614035087719298,4.644494984589471,4.479822722922337,3.4744819507264255,0.328125,22,3.331233501434326,0.31333333253860474
Meppel Dr,4.732142857142857,4.632365315913564,4.557817310596185,3.310500008719308,0.29595014452934265,19,3.3458399772644043,0.28135591745376587
Middelburg Ze,4.928571428571429,4.508787215010118,4.446115222446814,3.2007514408656528,0.34337347745895386,19,3.3914434909820557,0.3094462454319
Middelharnis ZH,5.388888888888889,4.451570804733206,4.340304539330007,3.0886931242766202,0.3536232113838196,21,3.1637346744537354,0.3083832561969757
Middelie NH,4.928571428571429,4.747332466318588,4.564925692549618,3.196178436279297,0.34939756989479065,19,3.24629807472229,0.33544304966926575
Midwolda Gn,4.472727272727273,4.763366311390968,4.732132411092576,3.5197459827769886,0.33887043595314026,15,3.50128436088562,0.28214284777641296
Monnickendam NH,5.052631578947368,4.437393306038712,4.297781865297408,2.9206417150664747,0.3913043737411499,20,2.818037748336792,0.3711656332015991
Mussel Gn,4.454545454545454,4.793183135985778,4.725040368264216,3.3699851296164773,0.3499999940395355,16,3.4480440616607666,0.3041824996471405
Nederweert Lb,4.678571428571429,4.653203262741078,4.574975664845859,3.364636012486049,0.3270440101623535,19,3.2876341342926025,0.3222591280937195
Neede Gl,4.614035087719298,4.6073943348424224,4.603779738135354,3.5095474510862115,0.3031249940395355,22,3.2691166400909424,0.3137255012989044
Nieuw-Schoonebeek Dr,4.732142857142857,4.611203980486621,4.490830297752652,3.083206449236189,0.35825544595718384,17,3.2763876914978027,0.3013245165348053
Nijmegen Gl,4.631578947368421,4.551953646681867,4.4850023001221295,3.2790203429104987,0.38629281520843506,19,3.208159923553467,0.3523489832878113
Nijverdal Ov,4.391304347826087,4.654304469288311,4.300052411325441,3.9378542692764946,0.25,25,3.910027265548706,0.23456791043281555
Nistelrode NB,4.771929824561403,4.562381773300727,4.397760419582334,3.284544827645285,0.35866260528564453,20,3.19993257522583,0.3562091588973999
Noordeloos ZH,4.910714285714286,4.563068670472543,4.4017016675999106,3.271686281476702,0.3897280991077423,16,3.3967185020446777,0.31974920630455017
Norg Dr,4.701754385964913,4.62882130578097,4.5502625821086715,3.1417557565789473,0.35384616255760193,20,3.1529812812805176,0.2996633052825928
Nunspeet Gl,4.672727272727273,4.643095358310386,4.573359616266318,3.382978682084517,0.3301282227039337,13,3.4890260696411133,0.2887323796749115
Oerle NB,4.678571428571429,4.535558045106792,4.49539852638894,3.66910035269601,0.34276729822158813,29,3.272331714630127,0.31893688440322876
Oijen NB,4.875,4.56729946666146,4.455251777354196,3.3802571977887834,0.35866260528564453,20,3.373774766921997,0.3280254900455475
Oirschot NB,4.722222222222222,4.564298809358734,4.419074979228458,3.4119319209346064,0.32686084508895874,19,3.314805269241333,0.31803280115127563
Oisterwijk NB,4.631578947368421,4.6817847756570385,4.574629414378281,3.501551577919408,0.33021804690361023,19,3.376084804534912,0.33774834871292114
Oldemarkt Ov,4.589285714285714,4.744644062034254,4.6713385364978395,3.5024452209472656,0.30670925974845886,21,3.4190027713775635,0.30612245202064514
Oldenzaal Ov,4.857142857142857,4.736555762590068,4.733069502141832,3.449073246547154,0.3445121943950653,23,3.41695499420166,0.32312923669815063
Onstwedde Gn,4.4363636363636365,4.791247234369509,4.715827880522582,3.344667746803977,0.3745819330215454,14,3.6188323497772217,0.3100775182247162
Ooltgensplaat ZH,4.818181818181818,4.521279278002006,4.498325143032542,3.3528891823508524,0.37187501788139343,21,3.1485960483551025,0.3378378450870514
Oosterbeek Gl,5.181818181818182,4.614395205888677,4.477197077982519,3.115125621448864,0.4058823585510254,17,3.0271198749542236,0.39274924993515015
Oosterland Ze,5.385964912280702,4.572451426879337,4.423211402265306,3.079803466796875,0.42307692766189575,18,3.0837631225585938,0.3824451267719269
Ootmarsum Ov,4.410714285714286,4.764938554184293,4.654553586077802,3.461833953857422,0.33003300428390503,15,3.6599197387695312,0.28723403811454773
Opperdoes NH,4.842105263157895,4.541839778393476,4.442309083661017,3.2621920401589914,0.3633633852005005,18,3.480285167694092,0.3214285671710968
Ospel Lb,4.87719298245614,4.609601040157025,4.516565883532831,3.3857239840323463,0.35820895433425903,21,3.2306861877441406,0.33445945382118225
Ossendrecht NB,4.5964912280701755,4.514460278639633,4.419611439743712,3.3939664071066336,0.3291535973548889,17,3.3990871906280518,0.31343284249305725
Otterlo Gl,5.280701754385965,4.50431641819392,4.411513834271837,3.074495549787555,0.416201114654541,24,3.0787534713745117,0.37308868765830994
Ottersum Lb,4.672727272727273,4.589471619137382,4.538858464074732,3.4236194957386363,0.3429487347602844,15,3.460911512374878,0.33454546332359314
Oud-Charlois ZH,5.052631578947368,4.512822313827325,4.475236594988436,3.1011978952508223,0.3971014618873596,20,3.077005624771118,0.3919753134250641
Ouddorp ZH,5.230769230769231,4.581924636181969,4.451375780437574,3.086646740253155,0.3641975224018097,17,3.149838447570801,0.3201219439506531
Oude Pekela Gn,4.826923076923077,4.734502866449447,4.696462783693441,3.2938470106858473,0.33663368225097656,22,3.1881141662597656,0.36329588294029236
Oude-Tonge ZH prot,4.875,4.516963333556196,4.5362970410523396,3.324286869594029,0.32218846678733826,16,3.35636830329895,0.3476821184158325
Oude-Tonge ZH rk,5.107142857142857,4.514313464193309,4.449758377689208,3.103910446166992,0.4035087823867798,16,3.082521438598633,0.36421725153923035
Oudewater Ut,4.982456140350878,4.531740104582388,4.444314542135693,3.175846032929002,0.3636363744735718,23,3.0893466472625732,0.32615384459495544
Oud-Vossemeer Ze,5.350877192982456,4.5129737866147694,4.4640731182873,3.060474061129386,0.4033149182796478,24,3.1385490894317627,0.3746129870414734
Panningen Lb,4.482142857142857,4.640434204469592,4.552422906671358,3.4669385637555803,0.3355048596858978,21,3.3683736324310303,0.301369845867157
Papendrecht ZH,4.660714285714286,4.61532036125457,4.518759759741494,3.257953643798828,0.3753943145275116,19,3.246171474456787,0.3476821184158325
Piershil ZH,5.428571428571429,4.45030138255371,4.31121932013219,2.958788735525949,0.36944445967674255,26,2.8551688194274902,0.37168142199516296
Poederoijen Gl,4.982142857142857,4.6015127416553945,4.528328258578084,3.451239994594029,0.3343283534049988,16,3.3962714672088623,0.3205128312110901
Posterholt Lb,4.571428571428571,4.6903975164346905,4.566421462383901,3.419097900390625,0.3365384638309479,19,3.3446054458618164,0.31081080436706543
Putten Gl,5.232142857142857,4.3732639055159455,4.341085649370994,3.0325224740164622,0.4183381199836731,21,3.0687038898468018,0.3621794879436493
Puttershoek ZH,5.4,4.520374600277705,4.354325577054179,2.9598765980113635,0.375,18,2.8981287479400635,0.37383174896240234
Raalte Ov,4.482142857142857,4.624943806999871,4.642953013003075,3.5891571044921875,0.29967424273490906,17,3.579803466796875,0.290909081697464
Reek NB,4.947368421052632,4.549291682678914,4.420606697489226,3.31865089818051,0.37463125586509705,18,3.294281244277954,0.3527508080005646
Renkum Gl,4.945454545454545,4.563276595527051,4.484131445765864,3.3768354936079548,0.3486238718032837,18,3.3023245334625244,0.3482428193092346
Reusel NB,4.666666666666667,4.549705959488083,4.461756657883253,3.3607330322265625,0.36532506346702576,22,3.20625638961792,0.3509933650493622
Reuver Lb,4.578947368421052,4.716055740602912,4.548235253826123,3.4699993468167487,0.3050314486026764,23,3.3183281421661377,0.3501683473587036
Rhenen Ut,4.836363636363636,4.64876987991605,4.47559919598295,3.2611400257457386,0.3769470155239105,18,3.247105598449707,0.3457943797111511
Rijkevoort NB,4.7368421052631575,4.52441889452002,4.440846172821655,3.436034888551946,0.34250766038894653,20,3.316558361053467,0.34563758969306946
Rijsbergen NB,4.7368421052631575,4.558372181650862,4.516386455966827,3.2067314281798245,0.38532111048698425,24,3.2372546195983887,0.3224755525588989
Rijssen Ov,4.777777777777778,4.807545231790199,4.723129089798851,3.623695656105324,0.317307710647583,17,3.592224597930908,0.30281689763069153
Rilland Ze,5.178571428571429,4.524758829896767,4.530449162652239,3.2135328565325056,0.37283235788345337,22,3.2188684940338135,0.3607594966888428
Roderwolde Dr,4.56140350877193,4.613714447253759,4.529905522406923,3.1940618146929824,0.3627760410308838,15,3.4568629264831543,0.2891986072063446
Roermond Lb,4.7592592592592595,4.73905625992816,4.618373544253509,3.295461584020544,0.35691317915916443,21,3.37707781791687,0.3089700937271118
Roggel Lb,4.649122807017544,4.652864750520987,4.548757117912211,3.567314817194353,0.2981366515159607,24,3.3820724487304688,0.3201320171356201
Roodeschool Gn,4.701754385964913,4.782577286211109,4.7397352973592985,3.2746954131544683,0.35692307353019714,18,3.405705690383911,0.3221476674079895
Roosendaal NB,4.947368421052632,4.544677680151371,4.463731103743382,3.091546845017818,0.3569321632385254,18,3.0704877376556396,0.3812708854675293
Rossum Ov,4.12962962962963,4.585466329800861,4.555925634076206,3.5805740356445312,0.3285198509693146,19,3.463588237762451,0.31460675597190857
Roswinkel Dr,4.660714285714286,4.722769397847167,4.637882016223769,3.1785496303013394,0.3438485860824585,15,3.264425277709961,0.30639728903770447
Rotterdam ZH,4.771929824561403,4.55233509162493,4.385182744872726,3.104651735540022,0.40425533056259155,19,3.2277019023895264,0.33552631735801697
Rouveen Ov,4.660714285714286,4.70473003096482,4.655199607060546,3.4912316458565846,0.3186119794845581,25,3.321340560913086,0.31270357966423035
Rozendaal Gl,4.636363636363637,4.62633296747939,4.458148715330881,3.310658680308949,0.3677419424057007,22,3.340441942214966,0.31893688440322876
Ruinen Dr,4.947368421052632,4.682458301953384,4.67859701156343,3.436380486739309,0.33923304080963135,17,3.4044206142425537,0.27124184370040894
Ruurlo Gl,4.491228070175438,4.7218505259603045,4.616493872920673,3.6033357319078947,0.3194888234138489,23,3.4073643684387207,0.3095237910747528
Schagen NH,4.892857142857143,4.66259267194086,4.569040315007747,3.294207436697824,0.4060606062412262,20,3.2612850666046143,0.35692307353019714
Scheemda Gn,4.87719298245614,4.789943297541463,4.725909693321006,3.219672487493147,0.37910449504852295,16,3.336690664291382,0.33974358439445496
Schelluinen ZH,5.089285714285714,4.585488741106112,4.5162399842484025,3.3184400285993303,0.37243402004241943,14,3.3593051433563232,0.30188679695129395
Scheveningen ZH,5.178571428571429,4.4594921060480965,4.287249964952388,2.782876423427037,0.4219653010368347,16,2.934548854827881,0.4117646813392639
Schinnen Lb,4.62962962962963,4.621393670049018,4.523441933529895,3.341959352846499,0.3486842215061188,19,3.276911973953247,0.34333333373069763
Schoonebeek Dr,4.553571428571429,4.590759027588923,4.563021723107894,3.337423869541713,0.32797425985336304,17,3.196934223175049,0.3084745705127716
Schoonoord Dr,4.5964912280701755,4.566376162819302,4.524861930982775,3.1668412057976973,0.33855798840522766,18,3.1668860912323,0.3074324429035187
Sellingen Gn,4.472727272727273,4.78311630260593,4.712130631465172,3.454812344637784,0.35880398750305176,19,3.4873220920562744,0.3003663122653961
Serooskerke Ze,5.017543859649122,4.5331284911494265,4.507629899658764,3.116680479886239,0.3906705677509308,21,3.12666392326355,0.3540983498096466
Sevenum Lb,4.7272727272727275,4.602219292771319,4.491060802050568,3.346722966974432,0.33968254923820496,18,3.4793550968170166,0.2904290556907654
s-Heerenberg Gl,4.642857142857143,4.558700395619565,4.500515523168567,3.396407263619559,0.344936728477478,22,3.403507947921753,0.31460675597190857
s-Heerenbroek Ov,5.178571428571429,4.469062285061725,4.4189184000327515,2.9888035910470143,0.41040462255477905,15,2.9724862575531006,0.36482083797454834
s-Hertogenbosch NB,4.666666666666667,4.668228933149246,4.628455820441643,3.495866474352385,0.34984520077705383,19,3.242210626602173,0.35947713255882263
Silvolde Gl,4.7368421052631575,4.641598189016837,4.565370553328443,3.5189530222039473,0.3180428147315979,21,3.308363199234009,0.31832796335220337
Sint Jansteen Ze,4.771929824561403,4.488735878955151,4.437634960296227,3.4815620288514255,0.3130699098110199,19,3.153590679168701,0.34967321157455444
Sint Maartensdijk Ze,4.964912280701754,4.436908632995967,4.312507563293739,3.1834079675507128,0.3529411852359772,21,3.1219403743743896,0.3654485046863556
Sint-Annen Gn,4.462962962962963,4.7497362709826065,4.699055572001299,3.3286652741608798,0.3864406645298004,20,3.4630727767944336,0.30909091234207153
Sint-Oedenrode NB,4.7894736842105265,4.624322842016271,4.5162972757396735,3.3568495365611293,0.35151514410972595,16,3.255357503890991,0.3566666841506958
Sittard Lb,4.472727272727273,4.676455733690715,4.514414092379804,3.3941370183771307,0.3322259187698364,18,3.2741715908050537,0.31448763608932495
Slagharen Ov,4.535714285714286,4.656867404517793,4.5437736195751555,3.5050501142229353,0.3451612889766693,21,3.4666976928710938,0.2622377574443817
Sliedrecht ZH,4.859649122807017,4.583247779340441,4.505987499470805,3.1934305826822915,0.386227548122406,18,3.2478184700012207,0.33225804567337036
Slochteren Gn,4.571428571428571,4.8046501936515,4.676469634281269,3.2503509521484375,0.38141027092933655,18,3.493764638900757,0.3333333432674408
Smilde Dr,4.625,4.675716648882908,4.611596994446122,3.324048178536551,0.34285715222358704,19,3.3369786739349365,0.284722238779068
Someren NB,4.714285714285714,4.554494883838511,4.42315649395676,3.351043156215123,0.34375,17,3.3895461559295654,0.3452768623828888
Spakenburg Ut,4.9818181818181815,4.496571106929054,4.334272121925686,3.0602189497514205,0.39209726452827454,17,3.0132672786712646,0.3687500059604645
Spanbroek NH,4.964285714285714,4.575817513068049,4.465600224520794,3.104449135916574,0.386227548122406,19,3.3127620220184326,0.30891719460487366
Stadskanaal Gn,4.490909090909091,4.5158555804172,4.436213787779408,3.0102650035511362,0.36092716455459595,18,3.1520800590515137,0.30215826630592346
Steenbergen NB,4.982456140350878,4.650719661768223,4.585403280200389,3.2326033742804277,0.37829911708831787,16,3.2532196044921875,0.3438485860824585
Steenderen Gl,5.140350877192983,4.530917687345927,4.451880878144047,3.328777915553043,0.3685714304447174,19,3.2165374755859375,0.3364197611808777
Steenwijk Ov,4.508771929824562,4.624411746527171,4.619889871022881,3.3916679516173245,0.30573248863220215,18,3.3735146522521973,0.301369845867157
Stokkum Ov,4.642857142857143,4.787124757864644,4.679883240123642,3.5764380863734653,0.32594937086105347,18,3.6074652671813965,0.284722238779068
Stolwijk ZH,5.142857142857143,4.5429810654235885,4.445185508745101,2.967776434762137,0.38081395626068115,17,3.027639627456665,0.3644859790802002
Stompwijk ZH,5.035714285714286,4.485248916416994,4.41474932210802,2.9508285522460938,0.39349111914634705,18,2.8669626712799072,0.35962146520614624
Susteren Lb,4.654545454545454,4.700441712184746,4.510791211596937,3.4025312943892048,0.3054662346839905,23,3.3978731632232666,0.315972238779068
Tegelen Lb,4.607142857142857,4.651922826883049,4.481102702976875,3.3130580357142856,0.31847134232521057,21,3.2585792541503906,0.3601398468017578
Ter Apel Gn,4.607142857142857,4.522251237083873,4.432544489157147,3.0948497227260043,0.35668790340423584,19,3.206727981567383,0.30388692021369934
Teuge Gl,4.714285714285714,4.671098580608081,4.65815522912813,3.38915525163923,0.30000001192092896,26,3.3794610500335693,0.2876712381839752
Tiel Gl,4.7272727272727275,4.569232196011988,4.512254065798412,3.225899436257102,0.37460318207740784,18,3.137063503265381,0.3603896200656891
Tienray Lb,4.7368421052631575,4.508777607637735,4.434960548024124,3.4578498706483005,0.33944955468177795,23,3.3023557662963867,0.3368421196937561
Tilburg NB,4.684210526315789,4.619174604378828,4.52392752551402,3.426322000068531,0.37654322385787964,23,3.2542312145233154,0.36012861132621765
Tilligte Ov,4.188679245283019,4.6711903032438356,4.5440866782217135,3.4765662427218453,0.34909090399742126,18,3.5533971786499023,0.2857142984867096
Tubbergen Ov,4.254545454545455,4.778954935247675,4.70119153721454,3.6182342529296876,0.3079584836959839,15,3.6623198986053467,0.29288703203201294
Ulft Gl,5.228070175438597,4.466348901918124,4.411588150980989,3.178493566680373,0.39436617493629456,19,3.0470197200775146,0.40294119715690613
Urk Fl,5.214285714285714,4.459166812057077,4.342506126638883,3.045856475830078,0.41091954708099365,18,3.197955846786499,0.36532506346702576
Ursem NH,4.892857142857143,4.4729015009577555,4.3589968202147755,3.195702144077846,0.3636363446712494,22,3.1575474739074707,0.35691317915916443
Usselo Ov,4.109090909090909,4.686740945462898,4.700575623264706,3.5956076882102272,0.33096083998680115,16,3.5941872596740723,0.2578125
Utrecht Ut,4.982456140350878,4.556972099696267,4.486480003008709,3.2909160413240133,0.34017595648765564,19,3.166874408721924,0.343137264251709
Vaals Lb,4.659574468085107,4.592904419153986,4.42920407249004,3.3671047129529588,0.3345864713191986,28,3.426422595977783,0.3120300769805908
Vaassen Gl,4.945454545454545,4.58328736817755,4.533802081626914,3.3156815962357955,0.3363914489746094,17,3.4394547939300537,0.30891719460487366
Valthermond Dr,4.767857142857143,4.692974829765483,4.611736904019468,3.1211155482700894,0.3684210479259491,17,3.1843979358673096,0.3137255012989044
Varsseveld Gl,4.732142857142857,4.590611925002204,4.506369430859135,3.403806686401367,0.29595014452934265,19,3.3555355072021484,0.29073482751846313
Veendam Gn,4.535714285714286,4.747742197813379,4.673751839147751,3.2088674817766463,0.36451610922813416,17,3.328936815261841,0.31438127160072327
Veenendaal Ut,5.053571428571429,4.599106590627133,4.488203669644469,3.19848142351423,0.3687315583229065,22,3.1980226039886475,0.37037038803100586
Veghel NB,4.625,4.620948681758332,4.496711485645701,3.330601828438895,0.37460318207740784,17,3.241431951522827,0.3478260934352875
Velddriel Gl,4.888888888888889,4.530768238634562,4.432599197652992,3.3272165369104454,0.3742138147354126,15,3.4006645679473877,0.3684210479259491
Venlo Lb,4.719298245614035,4.650340965458966,4.523935900643996,3.436949345103481,0.34662574529647827,23,3.370640516281128,0.3333333432674408
Vessem NB,4.696428571428571,4.596466154418617,4.403821732028872,3.4094949449811662,0.3448275923728943,23,3.4937562942504883,0.27702704071998596
Vlissingen Ze,4.857142857142857,4.527447409538633,4.4771628475510505,3.2909134456089566,0.33841460943222046,47,3.303128242492676,0.33980584144592285
Voerendaal Lb,4.648148148148148,4.600715933681377,4.460874087411598,3.29415045844184,0.33442622423171997,17,3.381457805633545,0.28523489832878113
Volendam NH,5.017543859649122,4.398279746221328,4.167609859587589,2.883453369140625,0.4169096350669861,17,2.8205034732818604,0.3690851926803589
Vollenhove Ov,4.9298245614035086,4.578751293566696,4.554563009121329,3.3738981548108553,0.35207101702690125,24,3.3077189922332764,0.30844154953956604
Voorst Gl,4.807017543859649,4.623247739726872,4.588669924052497,3.4879916007058664,0.3021148145198822,24,3.385242462158203,0.3203883469104767
Voorthuizen Gl,5.125,4.474928146100352,4.387157116651834,3.22003664289202,0.3469387888908386,21,3.1934566497802734,0.30434784293174744
Vorden Gl,4.962962962962963,4.546914634336501,4.5271688320194325,3.3495325159143516,0.32608696818351746,21,3.3349997997283936,0.3178808093070984
Vreeswijk Ut,5.315789473684211,4.455736733042628,4.345458036376513,3.051666259765625,0.3916666805744171,23,3.0539441108703613,0.35240963101387024
Vriezenveen Ov,4.696428571428571,4.70725384503964,4.685707774408274,3.548443385532924,0.3479623794555664,15,3.7266128063201904,0.26241132616996765
Waardenburg Gl,4.631578947368421,4.522916672826371,4.495595321283646,3.4040655838815788,0.35825544595718384,18,3.324634313583374,0.3573770523071289
Wagenborgen Gn,4.777777777777778,4.802739248782447,4.762843103631349,3.212493331344039,0.38141027092933655,16,3.295562505722046,0.3445945978164673
Wanssum Lb,4.963636363636364,4.518167210868943,4.37252745591249,3.3919777610085227,0.33536583185195923,21,3.2737536430358887,0.29139071702957153
Wapse Dr,4.771929824561403,4.618640612123422,4.592521589670303,3.1662948340700385,0.3465045690536499,17,3.2414140701293945,0.29372939467430115
Wateringen ZH,4.962962962962963,4.643844746753196,4.512116612584026,3.1021655047381365,0.3788819909095764,22,2.869230270385742,0.3462783396244049
Werkhoven Ut,5.350877192982456,4.577272984386369,4.503532277871083,3.0221878854851973,0.4033149182796478,18,3.136345863342285,0.38323354721069336
Westerbork Dr,4.491228070175438,4.595141542454249,4.551944943448635,3.1184443423622534,0.36741212010383606,14,3.155958652496338,0.3037542700767517
Westkapelle Ze,4.892857142857143,4.612084927942668,4.494042804332497,3.354496274675642,0.32424241304397583,19,3.2992899417877197,0.3187919557094574
Wierden Ov,4.528301886792453,4.75577844372049,4.692775951361515,3.8692223890772404,0.28327643871307373,20,3.5113794803619385,0.2977099120616913
Wijdenes NH,4.7894736842105265,4.6427786214797475,4.588756901765333,3.38031220017818,0.30909091234207153,20,3.4248554706573486,0.26557376980781555
Wijhe Ov,4.508771929824562,4.677989027814395,4.6603048146405115,3.6235346208538926,0.324840784072876,20,3.554487943649292,0.2871972322463989
Wijk bij Duurstede Ut,4.87719298245614,4.538150041527714,4.509539206801825,3.268852903131853,0.3850746154785156,24,3.164999485015869,0.3665594756603241
Willemstad NB,4.696428571428571,4.58992204807524,4.438719657476922,3.3535690307617188,0.37931033968925476,21,3.2382681369781494,0.31596091389656067
Wilp Gl,4.821428571428571,4.567397871147408,4.521707294853161,3.515901838030134,0.2822085916996002,23,3.383707284927368,0.27419355511665344
Windesheim Ov,4.5,4.658469465298394,4.6260924578954805,3.52127922905816,0.3030302822589874,16,3.5933241844177246,0.26950353384017944
Winterswijk Gl,5.142857142857143,4.564904625843045,4.446951189180752,3.426955359322684,0.34302324056625366,19,3.224109172821045,0.31661441922187805
Wissenkerke Ze,4.946428571428571,4.533079574320861,4.54224476160562,3.3109027317592075,0.33933934569358826,20,3.228581666946411,0.3333333432674408
Woudenberg Ut,4.982142857142857,4.57978478858169,4.510828921542505,3.274847848074777,0.37014925479888916,21,3.1163837909698486,0.35256409645080566
Wouw NB,4.7894736842105265,4.622168622839457,4.480486821493022,3.0633378949081687,0.3848484754562378,19,3.183297634124756,0.3290734887123108
Zaandijk NH,4.87719298245614,4.614260536872674,4.430585470926846,3.2871307908442984,0.3552238941192627,27,3.103003740310669,0.3656249940395355
Zalk Ov,4.481481481481482,4.668753061514365,4.631201737346595,3.3992917096173323,0.3243243396282196,17,3.4691689014434814,0.3107142746448517
Zandvoort NH,4.8545454545454545,4.5939220299188825,4.459224391591531,3.2840587269176136,0.38509318232536316,15,3.241947889328003,0.32236841320991516
Zeddam Gl,5.181818181818182,4.460774725501465,4.397293277677597,3.0574440696022727,0.4264706075191498,20,3.081420660018921,0.36858975887298584
Zeeland NB,4.666666666666667,4.532878785200134,4.3954983812727235,3.269971880996436,0.36532506346702576,17,3.165356159210205,0.3288590610027313
Zegveld Ut,5.43859649122807,4.395341243449061,4.2928720115662236,2.7301983749657346,0.4495912790298462,16,2.7125368118286133,0.4340175986289978
Zelhem Gl,5.12280701754386,4.575442761572727,4.555518731462779,3.353537576240406,0.37249284982681274,18,3.3451757431030273,0.3074534237384796
Zetten Gl,4.745454545454545,4.605658819925963,4.49104514867716,3.1076080322265627,0.37974685430526733,18,3.095686912536621,0.34726688265800476
Zevenaar Gl,4.589285714285714,4.663588316261486,4.523502062025601,3.4485645294189453,0.3226836919784546,19,3.4275903701782227,0.33220338821411133
Zevenbergen NB,4.75,4.630867574979164,4.545976920123544,3.3834411076136996,0.33850932121276855,16,3.2905635833740234,0.35179153084754944
Zierikzee Ze,5.017857142857143,4.691437516842665,4.590818321029406,3.3475892203194753,0.32937684655189514,17,3.29850172996521,0.344936728477478
Zieuwent Gl,4.964912280701754,4.516040798723094,4.439544370907606,3.332876105057566,0.3529411852359772,28,3.1876025199890137,0.32389935851097107
Zoetermeer ZH,5.517857142857143,4.535565727339681,4.425166723790546,2.959437234061105,0.43287673592567444,18,2.8795406818389893,0.3910447657108307
Zoutkamp Gn,4.508771929824562,4.795522464593393,4.785108569073809,3.3977827105605813,0.36942675709724426,18,3.5546746253967285,0.3041824996471405
Zuiddorpe Ze,4.767857142857143,4.523564825324516,4.472094462445443,3.393962860107422,0.3126934766769409,24,3.13535213470459,0.3216560482978821
Zuid-Sleen Dr,4.631578947368421,4.608135566376035,4.54625047046809,3.2368967156661186,0.3676012456417084,21,3.13971209526062,0.3221476674079895
Zuidzande Ze,4.607142857142857,4.594783796770451,4.477972785414122,3.372953142438616,0.31847134232521057,19,3.344852924346924,0.3074324429035187
Zundert NB,4.894736842105263,4.538696076599138,4.363973504471115,3.3416094863623904,0.3630952537059784,17,3.4575698375701904,0.28523489832878113
Zutphen Gl,5.228070175438597,4.489549264121066,4.463640081249747,3.172597517047012,0.40281689167022705,18,3.106659412384033,0.3672839403152466
Zwartsluis Ov,4.508771929824562,4.596081151272959,4.542689191400999,3.423322711074561,0.31210190057754517,26,3.4827494621276855,0.2666666805744171
Zwinderen Dr,4.508771929824562,4.6305398799039486,4.517927010943146,3.24755645216557,0.3471337556838989,18,3.331071615219116,0.31929823756217957
Zwolle Ov,4.7368421052631575,4.651737980234524,4.644833556997805,3.4756293045847038,0.32415902614593506,21,3.451904296875,0.28523489832878113
